X,Y,Species,number,,,,,,,,,
481797.8963,5456714.099,1,2,,,,,,,,,
481816.0597,5456733.678,4,1,,,,,,,,,
481828.6937,5456698.167,3,4,,,,,,,,,
481804.3005,5456726.379,2,3,,,,,,,,,
481843.0398,5456690.157,5,5,,,,,,,759.7314532,,
481849.0398,5456699.157,5,6,,,,,,,72.98530335,,
482160.8086,5456746.673,1,,,,,,,,78.62012078,,
483014.662,5457236.135,5,,,,,,,,6.16274141,,
482560.2255,5457365.157,5,,,,,,,,69.15701259,,
482341.4877,5457478.599,4,,,,,,,,34.92785885,,
482930.331,5457668.571,2,,,,,,,,4.384927336,,
482508.6921,5457065.741,2,,,,,,,,32.65353657,,5
482466.8664,5457130.113,5,,,,,,,,9.042113694,,5
482615.8426,5457509.433,1,,,,,,,,80.12345654,,1
482920.9728,5457215.121,3,,,,,,,,33.58543055,,3
482680.9476,5457355.105,4,,,,,,,,74.18453802,,3
482468.7599,5456915.034,2,,,,,,,,,,4
482977.901,5456801.002,2,,,,,,,,,,3
482514.5055,5457227.937,1,,,,,,,,,,2
483097.5482,5457272.831,4,,,,,,,,,,
482434.6414,5457434.192,5,,,,,,,,,,
482715.5382,5457692.549,1,,,,,,,,,,
483120.9521,5456869.693,1,,,,,,,,,,
482262.1452,5457200.306,4,,,,,,,,,,
482256.4584,5457174.92,1,,,,,,,,,,
483073.3578,5456918.191,3,,,,,,,,,,
482768.6963,5457021.562,4,,,,,,,,,,
482962.1709,5457459.493,5,,,,,,,,,,
483029.8416,5456764.748,1,,,,,,,,,,
482876.9378,5457182.823,4,,,,,,,,,,
482631.5769,5457151.961,1,,,,,,,,,,
482985.8107,5457348.878,1,,,,,,,,,,
482598.9398,5457545.416,2,,,,,,,,,,
482783.5127,5457683.642,3,,,,,,,,,,
482687.7318,5456979.291,4,,,,,,,,,,
482385.7985,5456961.833,2,,,,,,,,,,
483010.6989,5457593.282,1,,,,,,,,,,
482596.5926,5457180.58,2,,,,,,,,,,
482521.2366,5457559.95,1,,,,,,,,,,
482346.4005,5456917.466,4,,,,,,,,,,
482460.6123,5457395.204,1,,,,,,,,,,
482628.4371,5457063.933,2,,,,,,,,,,
482570.5638,5457673.523,4,,,,,,,,,,
482786.1907,5457519.816,5,,,,,,,,,,
483121.6313,5457099.649,3,,,,,,,,,,
482654.0588,5457666.378,2,,,,,,,,,,
482486.1433,5457595.618,3,,,,,,,,,,
482485.3703,5457163.921,4,,,,,,,,,,
482455.7448,5457281.529,2,,,,,,,,,,
482817.8507,5457734.869,3,,,,,,,,,,
483101.4144,5457371.078,3,,,,,,,,,,
482424.4001,5457623.615,5,,,,,,,,,,
482774.7028,5456877.041,3,,,,,,,,,,
483098.7622,5456852.313,4,,,,,,,,,,
482551.5054,5457344.059,2,,,,,,,,,,
482581.3827,5457009.906,5,,,,,,,,,,
482534.3158,5457495.231,1,,,,,,,,,,
482466.2666,5457732.299,1,,,,,,,,,,
482432.6917,5457006.475,3,,,,,,,,,,
482982.714,5456761.571,2,,,,,,,,,,
482386.5297,5457198.095,5,,,,,,,,,,
482397.6862,5457625.158,3,,,,,,,,,,
482297.9916,5457390.186,5,,,,,,,,,,
482654.7211,5457121.443,4,,,,,,,,,,
483010.9208,5457285.952,3,,,,,,,,,,
482972.27,5457159.197,3,,,,,,,,,,
482211.2115,5457583.32,4,,,,,,,,,,
483052.5208,5457166.291,5,,,,,,,,,,
482633.8633,5456926.472,3,,,,,,,,,,
482274.6259,5456832.583,2,,,,,,,,,,
482969.5742,5457027.993,5,,,,,,,,,,
483031.9897,5457492.259,5,,,,,,,,,,
482807.6841,5457741.118,5,,,,,,,,,,
482311.8715,5457062.777,4,,,,,,,,,,
482924.7327,5457491.982,3,,,,,,,,,,
483048.9385,5457693.75,1,,,,,,,,,,
482710.2186,5456836.927,1,,,,,,,,,,
482446.9714,5457184.096,1,,,,,,,,,,
482305.2467,5457224.653,3,,,,,,,,,,
482377.2613,5457350.034,1,,,,,,,,,,
482929.6016,5457435.649,3,,,,,,,,,,
483092.9359,5457327.068,3,,,,,,,,,,
482189.3294,5456802.627,4,,,,,,,,,,
482356.3276,5457206.391,4,,,,,,,,,,
482862.4943,5457449.454,5,,,,,,,,,,
483054.5828,5456849.273,2,,,,,,,,,,
482586.2077,5457550.848,3,,,,,,,,,,
482630.0383,5457333.231,4,,,,,,,,,,
482469.5093,5456901.916,4,,,,,,,,,,
482213.3861,5457311.48,4,,,,,,,,,,
482787.5533,5457475.241,4,,,,,,,,,,
482587.3456,5457417.162,1,,,,,,,,,,
482822.8893,5457517.448,4,,,,,,,,,,
482984.1572,5457183.414,4,,,,,,,,,,
482762.1801,5457523.915,1,,,,,,,,,,
482695.5688,5457094.14,5,,,,,,,,,,
483060.2488,5457287.802,3,,,,,,,,,,
483124.796,5457329.479,2,,,,,,,,,,
483032.9048,5457710.823,1,,,,,,,,,,
482171.378,5457379.568,4,,,,,,,,,,
482302.2079,5457353.25,3,,,,,,,,,,
483142.0255,5457331.889,3,,,,,,,,,,
482462.1573,5457295.666,3,,,,,,,,,,
483026.2775,5457074.626,3,,,,,,,,,,
483157.2655,5457549.66,1,,,,,,,,,,
482529.5709,5456857.566,5,,,,,,,,,,
482458.9038,5456759.616,1,,,,,,,,,,
482551.145,5457000.094,1,,,,,,,,,,
482476.6575,5457406.307,2,,,,,,,,,,
482375.8716,5457407.906,3,,,,,,,,,,
482722.1181,5457068.278,3,,,,,,,,,,
482455.5448,5456981.235,4,,,,,,,,,,
482167.3193,5457705.575,1,,,,,,,,,,
482703.5592,5457103.317,1,,,,,,,,,,
483000.506,5456803.823,3,,,,,,,,,,
482174.3844,5457461.75,3,,,,,,,,,,
482732.5332,5457521.962,5,,,,,,,,,,
482622.9838,5456944.747,3,,,,,,,,,,
483129.69,5457588.766,3,,,,,,,,,,
482959.3657,5456952.925,3,,,,,,,,,,
482986.3202,5457098.004,3,,,,,,,,,,
482910.6439,5456762.781,3,,,,,,,,,,
482868.9122,5457653.126,1,,,,,,,,,,
482285.3598,5457417.417,1,,,,,,,,,,
482850.4409,5457619.475,1,,,,,,,,,,
482810.4537,5457293.058,4,,,,,,,,,,
482262.5911,5457498.36,5,,,,,,,,,,
482454.3861,5457488.904,2,,,,,,,,,,
483050.7905,5457148.394,4,,,,,,,,,,
482165.4961,5457228.951,2,,,,,,,,,,
482847.602,5457724.379,5,,,,,,,,,,
482767.2829,5456910.553,3,,,,,,,,,,
482730.489,5457645.985,3,,,,,,,,,,
482988.6567,5456785.434,3,,,,,,,,,,
482842.6839,5457228.709,1,,,,,,,,,,
482363.9907,5456844.417,1,,,,,,,,,,
482407.1729,5457418.471,4,,,,,,,,,,
482616.2522,5456830.201,3,,,,,,,,,,
482777.5403,5457625.307,3,,,,,,,,,,
482368.5433,5457361.833,3,,,,,,,,,,
483138.5546,5457674.883,3,,,,,,,,,,
482619.2954,5457605.779,1,,,,,,,,,,
482170.735,5456964.437,1,,,,,,,,,,
482603.5595,5457613.581,1,,,,,,,,,,
483112.2566,5457585.238,2,,,,,,,,,,
482592.1742,5457383.237,4,,,,,,,,,,
482237.3993,5456956.52,3,,,,,,,,,,
482188.9536,5457081.815,3,,,,,,,,,,
482451.6943,5457518.979,5,,,,,,,,,,
482457.2873,5457734.045,3,,,,,,,,,,
483124.1864,5457432.529,3,,,,,,,,,,
482872.2355,5457625.309,4,,,,,,,,,,
482334.5426,5457005.423,4,,,,,,,,,,
482926.203,5457501.394,4,,,,,,,,,,
482743.1503,5456997.728,5,,,,,,,,,,
483100.5871,5457061.675,5,,,,,,,,,,
483138.0118,5457626.078,4,,,,,,,,,,
482442.6116,5457137.005,3,,,,,,,,,,
482870.8718,5456915.557,2,,,,,,,,,,
483085.0034,5457070.345,2,,,,,,,,,,
483120.3635,5457415.726,1,,,,,,,,,,
482261.8206,5457033.159,2,,,,,,,,,,
483058.9184,5457002.841,3,,,,,,,,,,
482366.6814,5457146.943,1,,,,,,,,,,
482189.581,5457241.913,3,,,,,,,,,,
482512.1498,5457187.835,2,,,,,,,,,,
482491.7224,5457103.339,1,,,,,,,,,,
482981.0742,5457178.943,3,,,,,,,,,,
482814.1458,5456762.335,1,,,,,,,,,,
482949.3116,5457101.395,1,,,,,,,,,,
482538.861,5457298.751,2,,,,,,,,,,
482653.1491,5457443.168,4,,,,,,,,,,
482935.0485,5457183.941,2,,,,,,,,,,
482519.628,5457538.807,4,,,,,,,,,,
482768.1393,5457179.866,3,,,,,,,,,,
483052.4137,5457543.798,4,,,,,,,,,,
482940.6522,5457617.174,4,,,,,,,,,,
482833.9988,5457433.163,3,,,,,,,,,,
482626.1297,5457242.444,1,,,,,,,,,,
482785.1537,5457687.461,3,,,,,,,,,,
482375.2279,5457589.972,5,,,,,,,,,,
482343.1998,5457095.293,3,,,,,,,,,,
482614.0772,5457071.984,4,,,,,,,,,,
482165.4906,5457543.2,1,,,,,,,,,,
483147.7688,5457226.734,1,,,,,,,,,,
482846.7229,5457268.068,5,,,,,,,,,,
482250.0407,5456893.012,2,,,,,,,,,,
482552.7457,5456917.563,1,,,,,,,,,,
482428.5633,5456917.109,1,,,,,,,,,,
482266.7288,5457417.565,2,,,,,,,,,,
482512.8019,5457335.143,4,,,,,,,,,,
482841.6017,5457182.02,3,,,,,,,,,,
483010.6199,5457430.863,2,,,,,,,,,,
482985.5138,5456992.935,1,,,,,,,,,,
482921.9606,5457654.131,5,,,,,,,,,,
482266.6787,5457144.518,5,,,,,,,,,,
482661.2488,5457477.907,1,,,,,,,,,,
483024.6634,5457039.914,2,,,,,,,,,,
482283.4958,5456897.599,3,,,,,,,,,,
482539.8285,5457107.637,5,,,,,,,,,,
483066.1602,5456882.498,4,,,,,,,,,,
482493.5831,5457609.485,4,,,,,,,,,,
482243.967,5457087.423,3,,,,,,,,,,
482988.2827,5457629.742,3,,,,,,,,,,
482362.6175,5456799.156,4,,,,,,,,,,
482897.4353,5457382.492,3,,,,,,,,,,
482635.5694,5457147.763,4,,,,,,,,,,
482872.6743,5456910.351,4,,,,,,,,,,
482799.0264,5457437.75,4,,,,,,,,,,
482871.9101,5457155.661,1,,,,,,,,,,
482545.2086,5457711.482,1,,,,,,,,,,
482184.8025,5456819.222,4,,,,,,,,,,
482562.7703,5457407.762,2,,,,,,,,,,
482823.0365,5457515.446,2,,,,,,,,,,
482670.3999,5457056.703,1,,,,,,,,,,
482247.4135,5457575.975,4,,,,,,,,,,
482439.7752,5456963.036,5,,,,,,,,,,
482165.7702,5457504.764,1,,,,,,,,,,
482984.7316,5457301.313,1,,,,,,,,,,
483087.2092,5457300.646,4,,,,,,,,,,
482396.4545,5457022.089,4,,,,,,,,,,
483023.3753,5457546,3,,,,,,,,,,
482989.6739,5457270.22,2,,,,,,,,,,
483085.5512,5457510.037,1,,,,,,,,,,
482770.4232,5457706.797,5,,,,,,,,,,
482586.2382,5456787.415,3,,,,,,,,,,
483105.4747,5457169.149,4,,,,,,,,,,
482636.5488,5456823.83,1,,,,,,,,,,
482419.4558,5456871.517,5,,,,,,,,,,
483033.6481,5456782.811,3,,,,,,,,,,
482385.4704,5456786.733,4,,,,,,,,,,
482659.7344,5456750.485,2,,,,,,,,,,
482466.0412,5457372.699,4,,,,,,,,,,
482401.7576,5457186.901,5,,,,,,,,,,
482589.6777,5457739.999,1,,,,,,,,,,
483013.5998,5457681.797,2,,,,,,,,,,
482839.5312,5456746.861,4,,,,,,,,,,
482163.0407,5456815.371,1,,,,,,,,,,
482760.2452,5457169.547,1,,,,,,,,,,
482802.9056,5457631.555,3,,,,,,,,,,
483127.4417,5457111.698,4,,,,,,,,,,
482982.5921,5457348.108,5,,,,,,,,,,
482544.3863,5457456.182,4,,,,,,,,,,
483139.8322,5457371.047,2,,,,,,,,,,
482783.3705,5457305.181,1,,,,,,,,,,
482786.4587,5457317.515,4,,,,,,,,,,
482838.0348,5457723.561,3,,,,,,,,,,
483052.5545,5457678.447,2,,,,,,,,,,
482793.9923,5457498.5,1,,,,,,,,,,
482802.4292,5457165.47,1,,,,,,,,,,
482494.6396,5457179.787,1,,,,,,,,,,
482225.4773,5456832.302,4,,,,,,,,,,
482416.9012,5457199.11,1,,,,,,,,,,
482193.8295,5457568.114,2,,,,,,,,,,
482549.9727,5457241.854,3,,,,,,,,,,
483011.1491,5457438.021,1,,,,,,,,,,
482392.1929,5457287.966,1,,,,,,,,,,
483042.3347,5456791.937,1,,,,,,,,,,
482496.2253,5457403.726,4,,,,,,,,,,
482215.1229,5457374.999,3,,,,,,,,,,
483096.9175,5456996.787,3,,,,,,,,,,
482336.1887,5457179.776,4,,,,,,,,,,
482408.3762,5457152.241,2,,,,,,,,,,
482515.6038,5457049.375,2,,,,,,,,,,
482960.4056,5457260.568,3,,,,,,,,,,
483072.3066,5456830.173,1,,,,,,,,,,
482377.7006,5457438.325,3,,,,,,,,,,
482268.802,5457023.335,1,,,,,,,,,,
482303.6569,5456771.353,3,,,,,,,,,,
482617.0314,5456846.969,1,,,,,,,,,,
482410.2878,5456847.401,4,,,,,,,,,,
482403.8993,5457338.466,5,,,,,,,,,,
482881.1276,5457002.357,2,,,,,,,,,,
482684.4588,5457161.073,1,,,,,,,,,,
482505.4335,5457656.014,5,,,,,,,,,,
482429.0623,5456823.51,2,,,,,,,,,,
482293.9077,5456999.732,1,,,,,,,,,,
482691.6277,5457675.893,2,,,,,,,,,,
482737.6937,5457681.699,5,,,,,,,,,,
482941.5277,5457088.675,3,,,,,,,,,,
482507.9949,5456784.313,2,,,,,,,,,,
482859.4575,5456788.206,2,,,,,,,,,,
482171.6836,5456926.71,4,,,,,,,,,,
482386.3353,5456943.916,1,,,,,,,,,,
482585.5795,5457325.279,1,,,,,,,,,,
482365.9343,5457667.413,5,,,,,,,,,,
482216.6113,5457269.593,2,,,,,,,,,,
482308.0169,5456814.706,3,,,,,,,,,,
483056.1107,5457240.52,4,,,,,,,,,,
482946.3361,5457218.593,4,,,,,,,,,,
482576.7777,5457236.333,3,,,,,,,,,,
482625.6392,5457667.873,2,,,,,,,,,,
482716.3449,5457535.545,5,,,,,,,,,,
482743.7972,5457574.186,1,,,,,,,,,,
482999.7904,5457128.015,4,,,,,,,,,,
483055.8388,5457627.588,3,,,,,,,,,,
483077.6163,5457064.227,2,,,,,,,,,,
482930.996,5457578.743,4,,,,,,,,,,
482355.9889,5457703.576,2,,,,,,,,,,
483138.3251,5457147.632,2,,,,,,,,,,
482825.6246,5457060.585,5,,,,,,,,,,
482187.4612,5457368.03,4,,,,,,,,,,
482699.7443,5457168.742,1,,,,,,,,,,
482426.8049,5457694.092,2,,,,,,,,,,
483032.6532,5457406.339,4,,,,,,,,,,
482904.8661,5457226.002,3,,,,,,,,,,
482376.7567,5457714.833,5,,,,,,,,,,
482315.8987,5457162.828,4,,,,,,,,,,
482335.8814,5457437.375,2,,,,,,,,,,
482760.6116,5456759.071,1,,,,,,,,,,
483069.4668,5456812.523,3,,,,,,,,,,
482210.6304,5457221.059,5,,,,,,,,,,
482314.4462,5457163.865,4,,,,,,,,,,
482187.1343,5457632.087,5,,,,,,,,,,
482426.5492,5457521.515,3,,,,,,,,,,
482826.0035,5457055.611,3,,,,,,,,,,
483113.997,5457384.865,2,,,,,,,,,,
483094.4103,5457250.015,2,,,,,,,,,,
482288.877,5456748.053,3,,,,,,,,,,
483036.168,5457058.625,1,,,,,,,,,,
482876.139,5457407.242,2,,,,,,,,,,
482792.2848,5457666.664,4,,,,,,,,,,
482643.6015,5456985.988,5,,,,,,,,,,
482426.1438,5457673.326,2,,,,,,,,,,
483001.6565,5456953.592,5,,,,,,,,,,
482670.9282,5457026.555,2,,,,,,,,,,
483074.5267,5457685.834,1,,,,,,,,,,
482932.2958,5456924.04,5,,,,,,,,,,
482167.865,5457160.641,1,,,,,,,,,,
482825.9794,5457364.989,4,,,,,,,,,,
482161.5018,5456857.695,3,,,,,,,,,,
482626.8341,5456968.774,2,,,,,,,,,,
482663.4958,5457297.323,5,,,,,,,,,,
482695.6604,5456756.379,1,,,,,,,,,,
482537.3782,5456747.446,2,,,,,,,,,,
482766.6057,5457553.657,2,,,,,,,,,,
483096.0973,5457622.744,4,,,,,,,,,,
482288.1334,5457522.477,2,,,,,,,,,,
482533.17,5457706.8,3,,,,,,,,,,
482498.6616,5456925.096,1,,,,,,,,,,
482806.0494,5457567.698,1,,,,,,,,,,
482963.256,5457349.81,5,,,,,,,,,,
483108.5509,5457170.428,3,,,,,,,,,,
482183.2202,5457377.873,3,,,,,,,,,,
482977.322,5457687.643,5,,,,,,,,,,
482662.0579,5456991.763,4,,,,,,,,,,
483074.7832,5457166.122,2,,,,,,,,,,
482423.5129,5457416.967,4,,,,,,,,,,
482285.5663,5457027.725,1,,,,,,,,,,
482997.3711,5457682.627,5,,,,,,,,,,
483000.5056,5456747.458,5,,,,,,,,,,
482899.7296,5457254.011,2,,,,,,,,,,
482881.0051,5457346.803,3,,,,,,,,,,
482371.1328,5456910.955,5,,,,,,,,,,
482934.4782,5457499.983,1,,,,,,,,,,
482280.1211,5457137.974,3,,,,,,,,,,
482945.2416,5457433.397,1,,,,,,,,,,
482962.8392,5457497.537,5,,,,,,,,,,
482695.3367,5457627.289,5,,,,,,,,,,
482578.1785,5456824.314,1,,,,,,,,,,
482386.9899,5457452.877,3,,,,,,,,,,
482461.302,5456891.296,4,,,,,,,,,,
482460.6698,5457536.486,1,,,,,,,,,,
482944.7601,5457034.784,3,,,,,,,,,,
482532.8421,5456781.271,4,,,,,,,,,,
482754.2925,5456842.134,3,,,,,,,,,,
482642.3793,5457363.348,1,,,,,,,,,,
482891.2593,5457381.283,5,,,,,,,,,,
483138.5445,5457362.894,4,,,,,,,,,,
483158.15,5457555.155,4,,,,,,,,,,
482687.3365,5457270.19,4,,,,,,,,,,
482436.0464,5457269.608,3,,,,,,,,,,
482547.5126,5457611.614,3,,,,,,,,,,
483034.9542,5456853.205,4,,,,,,,,,,
482565.5155,5457033.13,4,,,,,,,,,,
482767.1634,5457682.382,3,,,,,,,,,,
482867.5716,5456819.487,1,,,,,,,,,,
482788.8533,5457591.606,3,,,,,,,,,,
482573.1828,5456975.555,1,,,,,,,,,,
482504.5958,5457169.343,3,,,,,,,,,,
483082.4886,5457455.255,1,,,,,,,,,,
482760.0335,5457059.98,4,,,,,,,,,,
482767.5574,5457200.728,5,,,,,,,,,,
482976.5365,5457082.817,5,,,,,,,,,,
482994.9277,5457217.591,1,,,,,,,,,,
482687.9609,5456972.933,3,,,,,,,,,,
482634.2004,5457304.23,4,,,,,,,,,,
482180.3641,5457512.13,2,,,,,,,,,,
482360.6984,5457453.485,2,,,,,,,,,,
483047.4872,5457547.674,1,,,,,,,,,,
482713.8468,5457684.518,1,,,,,,,,,,
482223.7573,5457741.678,5,,,,,,,,,,
482583.9424,5457730.792,4,,,,,,,,,,
482499.1379,5457520.651,3,,,,,,,,,,
482987.2461,5456777.173,5,,,,,,,,,,
482648.9025,5456952.795,3,,,,,,,,,,
482821.8788,5457161.543,4,,,,,,,,,,
482895.7854,5456891.794,5,,,,,,,,,,
483069.6537,5456969.458,3,,,,,,,,,,
482420.078,5457492.847,2,,,,,,,,,,
482555.2876,5457091.042,1,,,,,,,,,,
483038.0073,5457672.933,1,,,,,,,,,,
482696.3496,5457620.939,3,,,,,,,,,,
482931.3955,5457640.502,4,,,,,,,,,,
482826.3847,5457622.996,2,,,,,,,,,,
482276.2233,5457115.477,5,,,,,,,,,,
482264.5723,5457623.744,1,,,,,,,,,,
482915.8991,5456971.859,2,,,,,,,,,,
482619.3846,5457596.433,3,,,,,,,,,,
482224.103,5457627.367,5,,,,,,,,,,
482196.6432,5457565.716,5,,,,,,,,,,
482326.2382,5457416.706,4,,,,,,,,,,
482763.9064,5457106.98,5,,,,,,,,,,
482860.2819,5456999.256,1,,,,,,,,,,
483074.4923,5457329.515,3,,,,,,,,,,
483036.5292,5457436.388,3,,,,,,,,,,
482431.5996,5457371.24,4,,,,,,,,,,
482203.283,5456766.337,2,,,,,,,,,,
482904.2623,5457211.679,3,,,,,,,,,,
482606.9817,5457270.793,4,,,,,,,,,,
483062.6158,5456967.913,3,,,,,,,,,,
482448.3407,5457615.635,1,,,,,,,,,,
482911.266,5457711.298,2,,,,,,,,,,
483040.3066,5457660.28,5,,,,,,,,,,
482862.9799,5457185.826,4,,,,,,,,,,
483060.6359,5457243.316,3,,,,,,,,,,
482280.9252,5457512.444,5,,,,,,,,,,
483018.5509,5457429.731,1,,,,,,,,,,
482271.3445,5457103.329,4,,,,,,,,,,
482685.4236,5457653.853,2,,,,,,,,,,
483106.5132,5457377.037,2,,,,,,,,,,
482966.0506,5457324.741,4,,,,,,,,,,
482637.1481,5457638.472,4,,,,,,,,,,
482258.5622,5457520.628,5,,,,,,,,,,
482253.576,5457414.686,2,,,,,,,,,,
482821.198,5457432.634,5,,,,,,,,,,
482429.2657,5456988.502,4,,,,,,,,,,
482657.1242,5457277.481,3,,,,,,,,,,
482803.3323,5457092.629,2,,,,,,,,,,
482313.9036,5457236.269,5,,,,,,,,,,
482683.1949,5457543.111,4,,,,,,,,,,
482241.5347,5456756.583,4,,,,,,,,,,
482259.6232,5457458.281,4,,,,,,,,,,
482389.54,5457419.04,5,,,,,,,,,,
482855.7585,5457122.58,5,,,,,,,,,,
482850.1291,5457439.35,5,,,,,,,,,,
482615.007,5456793.792,1,,,,,,,,,,
482858.2691,5457706.03,2,,,,,,,,,,
483109.7734,5457425.167,4,,,,,,,,,,
483004.5847,5457610.27,4,,,,,,,,,,
482606.2515,5456912.027,4,,,,,,,,,,
482984.5882,5457207.18,4,,,,,,,,,,
482482.6546,5457361.959,2,,,,,,,,,,
482310.761,5457600.407,5,,,,,,,,,,
482739.3331,5457321.886,1,,,,,,,,,,
482173.1037,5457137.091,1,,,,,,,,,,
482930.4462,5456760.481,4,,,,,,,,,,
483099.6807,5457446.948,4,,,,,,,,,,
482659.7558,5457213.311,2,,,,,,,,,,
482797.1683,5456800.905,4,,,,,,,,,,
482352.6354,5457645.278,3,,,,,,,,,,
482184.4292,5457327.906,5,,,,,,,,,,
482503.112,5457722.075,3,,,,,,,,,,
482580.8733,5457317.094,5,,,,,,,,,,
482612.4322,5457530.924,3,,,,,,,,,,
482878.4511,5457145.103,1,,,,,,,,,,
483149.7897,5457338.832,2,,,,,,,,,,
482734.52,5457066.274,1,,,,,,,,,,
482627.1425,5456853.606,5,,,,,,,,,,
483151.2369,5456940.093,1,,,,,,,,,,
482267.0068,5457401.446,5,,,,,,,,,,
482699.0739,5456832.101,5,,,,,,,,,,
482608.3765,5457387.035,1,,,,,,,,,,
482880.0548,5457593.799,4,,,,,,,,,,
482998.3215,5457292.555,2,,,,,,,,,,
482641.7169,5457208.005,2,,,,,,,,,,
483076.3979,5457204.452,4,,,,,,,,,,
482321.4701,5457630.701,2,,,,,,,,,,
482576.0337,5457402.655,2,,,,,,,,,,
482999.3583,5457623.111,4,,,,,,,,,,
482871.1608,5456897.606,3,,,,,,,,,,
482652.3913,5457429.143,3,,,,,,,,,,
482324.8766,5457376.174,4,,,,,,,,,,
482745.0526,5457707.906,2,,,,,,,,,,
482984.4917,5457363.494,1,,,,,,,,,,
483085.5152,5457053.605,5,,,,,,,,,,
482982.3608,5456791.599,5,,,,,,,,,,
483146.717,5457148.29,1,,,,,,,,,,
482875.6279,5457662.716,5,,,,,,,,,,
482599.1446,5457283.853,3,,,,,,,,,,
482632.5305,5457682.306,3,,,,,,,,,,
482870.1893,5457041.532,3,,,,,,,,,,
482353.8483,5456946.793,5,,,,,,,,,,
482759.1917,5456756.03,5,,,,,,,,,,
482216.5567,5456983.797,1,,,,,,,,,,
482429.301,5456788.883,1,,,,,,,,,,
482940.4835,5456823.09,5,,,,,,,,,,
483099.035,5457329.202,2,,,,,,,,,,
482194.5561,5457258.363,5,,,,,,,,,,
482168.158,5457423.118,5,,,,,,,,,,
482749.9552,5457011.116,1,,,,,,,,,,
482462.3545,5456825.626,3,,,,,,,,,,
483023.1551,5457181.599,3,,,,,,,,,,
482962.7146,5457117.345,4,,,,,,,,,,
482591.209,5456806.085,2,,,,,,,,,,
482934.7373,5456929.197,1,,,,,,,,,,
483108.2029,5457420.935,2,,,,,,,,,,
482227.5558,5457627.135,4,,,,,,,,,,
482279.5837,5457510.254,1,,,,,,,,,,
482741.1871,5457453.674,1,,,,,,,,,,
483065.5657,5457600.02,4,,,,,,,,,,
482449.9976,5457245.47,4,,,,,,,,,,
482779.6091,5457449.101,3,,,,,,,,,,
482665.5201,5457146.931,4,,,,,,,,,,
482631.0261,5457209.376,5,,,,,,,,,,
482847.063,5457484.829,1,,,,,,,,,,
482399.2806,5457330.71,4,,,,,,,,,,
482265.4584,5456956.219,5,,,,,,,,,,
482867.8656,5457137.052,5,,,,,,,,,,
482525.8539,5456781.623,3,,,,,,,,,,
482390.1942,5457232.843,2,,,,,,,,,,
483006.0927,5457072.037,3,,,,,,,,,,
483147.882,5457388.94,2,,,,,,,,,,
483086.7036,5457321.519,3,,,,,,,,,,
482770.3433,5456760.828,2,,,,,,,,,,
482227.7116,5457488.95,1,,,,,,,,,,
482796.5999,5457136.889,1,,,,,,,,,,
482611.372,5456823.68,2,,,,,,,,,,
482204.8777,5457155.889,4,,,,,,,,,,
482317.3961,5457634.903,2,,,,,,,,,,
482346.433,5457540.623,5,,,,,,,,,,
482808.4567,5457304.886,4,,,,,,,,,,
482201.2417,5457658.885,3,,,,,,,,,,
482505.738,5457597.646,5,,,,,,,,,,
482821.8808,5457146.908,3,,,,,,,,,,
482564.3066,5457001.369,5,,,,,,,,,,
482416.6192,5457059.73,1,,,,,,,,,,
482886.9958,5456854.952,2,,,,,,,,,,
482220.2844,5457323.938,2,,,,,,,,,,
482442.195,5457375.89,1,,,,,,,,,,
483056.1882,5456877.632,3,,,,,,,,,,
483033.5545,5457259.215,2,,,,,,,,,,
482974.5969,5457297.644,3,,,,,,,,,,
482527.8149,5457016.772,5,,,,,,,,,,
482764.7538,5457702.311,4,,,,,,,,,,
482673.9263,5457422.544,1,,,,,,,,,,
482569.1823,5457475.639,5,,,,,,,,,,
482536.6865,5457156.918,3,,,,,,,,,,
482620.5183,5457008.111,5,,,,,,,,,,
482709.8912,5457299.209,4,,,,,,,,,,
482586.3847,5457541.149,3,,,,,,,,,,
483044.8585,5457047.755,4,,,,,,,,,,
482852.2201,5457237.185,3,,,,,,,,,,
483110.6203,5457360.72,5,,,,,,,,,,
483086.9719,5457512.631,2,,,,,,,,,,
482666.4894,5457373.215,4,,,,,,,,,,
482313.7889,5457709.304,5,,,,,,,,,,
482889.0844,5456908.876,5,,,,,,,,,,
482817.5743,5457024.471,1,,,,,,,,,,
483089.0743,5457539.573,4,,,,,,,,,,
483002.7994,5457672.482,3,,,,,,,,,,
482321.9136,5457654.054,4,,,,,,,,,,
483102.1732,5456856.223,5,,,,,,,,,,
482905.5399,5456854.879,1,,,,,,,,,,
482511.0143,5457652.824,5,,,,,,,,,,
482695.352,5457215.617,3,,,,,,,,,,
482774.5919,5457477.508,3,,,,,,,,,,
482473.2795,5457381.851,3,,,,,,,,,,
483090.0937,5457542.596,4,,,,,,,,,,
482730.581,5457470.829,1,,,,,,,,,,
482809.3422,5457037.219,1,,,,,,,,,,
482527.3152,5457057.259,4,,,,,,,,,,
482489.2964,5457305.649,4,,,,,,,,,,
482411.4194,5457733.933,3,,,,,,,,,,
483136.0906,5457042.927,3,,,,,,,,,,
482657.1713,5457215.827,3,,,,,,,,,,
482283.6207,5457051.046,1,,,,,,,,,,
482879.9677,5456974.104,5,,,,,,,,,,
482216.5051,5457484.588,5,,,,,,,,,,
482941.2144,5456875.032,2,,,,,,,,,,
482206.5547,5456769.146,5,,,,,,,,,,
482853.0796,5457728.627,1,,,,,,,,,,
482597.3784,5457549.42,4,,,,,,,,,,
482961.7385,5456830.894,5,,,,,,,,,,
482866.4197,5457211.766,1,,,,,,,,,,
482896.1983,5457655.813,2,,,,,,,,,,
482284.0758,5456921.83,1,,,,,,,,,,
483025.7662,5457089.675,1,,,,,,,,,,
482527.3497,5456889.176,5,,,,,,,,,,
482565.2644,5456772.326,2,,,,,,,,,,
482830.9717,5457579.871,4,,,,,,,,,,
482519.9527,5456797.514,3,,,,,,,,,,
482192.2527,5456974.192,4,,,,,,,,,,
482900.0385,5456985.202,3,,,,,,,,,,
482622.9689,5457276.893,4,,,,,,,,,,
482820.8606,5456962.591,4,,,,,,,,,,
482635.7686,5457018.381,5,,,,,,,,,,
482729.2324,5457322.224,4,,,,,,,,,,
483062.8583,5456996.528,3,,,,,,,,,,
482699.0436,5457384.163,3,,,,,,,,,,
482717.3239,5456805.032,3,,,,,,,,,,
482391.4586,5457047.017,5,,,,,,,,,,
482169.6785,5457427.487,2,,,,,,,,,,
482252.1453,5457013.257,4,,,,,,,,,,
482420.3773,5457638.823,4,,,,,,,,,,
482231.3958,5457436.432,4,,,,,,,,,,
482536.437,5457628.205,3,,,,,,,,,,
482782.2652,5457159.026,5,,,,,,,,,,
482922.1631,5457334.703,4,,,,,,,,,,
482921.2586,5456866.885,5,,,,,,,,,,
482976.1404,5456817.273,4,,,,,,,,,,
482367.2326,5457254.691,5,,,,,,,,,,
482764.8639,5457617.376,5,,,,,,,,,,
482810.2995,5457154.48,1,,,,,,,,,,
482467.645,5457280.81,3,,,,,,,,,,
482506.7412,5457270.017,1,,,,,,,,,,
482632.3114,5457425.536,1,,,,,,,,,,
482738.8667,5456909.401,5,,,,,,,,,,
482282.7193,5456795.792,5,,,,,,,,,,
482322.8162,5456761.249,1,,,,,,,,,,
482789.4662,5456858.953,4,,,,,,,,,,
482460.1489,5457315.127,1,,,,,,,,,,
482246.6603,5457266.364,2,,,,,,,,,,
482901.6212,5457705.424,5,,,,,,,,,,
482662.9355,5457572.234,5,,,,,,,,,,
482248.1509,5456869.748,2,,,,,,,,,,
482225.6409,5457687.041,1,,,,,,,,,,
482720.0695,5457046.71,5,,,,,,,,,,
482396.4326,5457509.208,3,,,,,,,,,,
483079.8966,5457344.868,4,,,,,,,,,,
482277.4294,5457019.571,2,,,,,,,,,,
482924.5766,5457057.1,4,,,,,,,,,,
483037.9708,5457145.949,4,,,,,,,,,,
483075.009,5456792.847,1,,,,,,,,,,
483137.244,5457398.94,3,,,,,,,,,,
482834.7136,5457057.793,3,,,,,,,,,,
482201.3671,5456897.864,5,,,,,,,,,,
483060.4078,5457291.24,3,,,,,,,,,,
482692.7961,5457078.822,1,,,,,,,,,,
483030.2944,5457223.846,3,,,,,,,,,,
482187.3003,5456809.019,2,,,,,,,,,,
483149.2125,5457667.609,4,,,,,,,,,,
482679.383,5457103.589,1,,,,,,,,,,
482840.0735,5457704.645,1,,,,,,,,,,
483027.7423,5456856.824,2,,,,,,,,,,
482907.4396,5457103.555,5,,,,,,,,,,
482723.3701,5457445.183,1,,,,,,,,,,
482769.6561,5457414.268,4,,,,,,,,,,
483092.3158,5457723.286,5,,,,,,,,,,
482493.9519,5457585.847,2,,,,,,,,,,
482646.1481,5457386.006,1,,,,,,,,,,
482528.7711,5457716.037,3,,,,,,,,,,
482261.359,5456747.238,3,,,,,,,,,,
482752.3287,5457134.985,1,,,,,,,,,,
482382.7,5457164.903,5,,,,,,,,,,
482531.2775,5457690.352,2,,,,,,,,,,
482613.5641,5456833.205,5,,,,,,,,,,
482828.391,5456916.64,3,,,,,,,,,,
482441.0786,5457073.305,2,,,,,,,,,,
482987.5358,5457317.714,4,,,,,,,,,,
482465.8499,5456884.068,4,,,,,,,,,,
482820.8276,5457456.844,3,,,,,,,,,,
482250.7278,5457456.427,4,,,,,,,,,,
482489.5882,5457184.608,3,,,,,,,,,,
482624.3512,5457341.482,3,,,,,,,,,,
482408.7361,5456984.029,2,,,,,,,,,,
482194.7512,5456767.452,4,,,,,,,,,,
482919.6955,5457119.401,2,,,,,,,,,,
482534.4506,5457711.423,1,,,,,,,,,,
482598.1524,5457492.56,1,,,,,,,,,,
482331.3575,5457052.447,4,,,,,,,,,,
482539.2372,5456985.14,2,,,,,,,,,,
482295.6924,5457414.123,2,,,,,,,,,,
482447.2991,5456973.187,2,,,,,,,,,,
482419.44,5457733.717,5,,,,,,,,,,
482774.4603,5457075.033,2,,,,,,,,,,
482243.833,5457194.75,2,,,,,,,,,,
482537.0156,5457133.844,2,,,,,,,,,,
482709.3285,5457051.98,5,,,,,,,,,,
482358.015,5457523.445,3,,,,,,,,,,
482275.9628,5457504.989,2,,,,,,,,,,
482909.404,5457485.426,2,,,,,,,,,,
483130.8338,5457662.847,2,,,,,,,,,,
482246.026,5457471.564,5,,,,,,,,,,
482498.22,5457111.224,2,,,,,,,,,,
482258.5657,5457619.588,5,,,,,,,,,,
482962.0783,5456899.095,3,,,,,,,,,,
482746.2974,5457630.643,4,,,,,,,,,,
482747.1133,5457157.802,1,,,,,,,,,,
482663.6409,5457640.379,4,,,,,,,,,,
482499.2684,5456971.053,1,,,,,,,,,,
482988.086,5457010.162,3,,,,,,,,,,
482987.8207,5457152.082,2,,,,,,,,,,
482588.8222,5457375.25,2,,,,,,,,,,
482568.3291,5456966.312,5,,,,,,,,,,
483047.7492,5457456.499,1,,,,,,,,,,
483077.0035,5456843.714,2,,,,,,,,,,
482853.0948,5456843.369,1,,,,,,,,,,
482195.6402,5456844.942,2,,,,,,,,,,
482325.7249,5457179.722,1,,,,,,,,,,
482161.709,5457163.338,5,,,,,,,,,,
482885.8055,5456775.798,3,,,,,,,,,,
482665.1775,5457352.7,5,,,,,,,,,,
482209.7958,5457313.221,1,,,,,,,,,,
482708.1665,5457677.302,1,,,,,,,,,,
482382.7185,5457351.032,5,,,,,,,,,,
482886.6764,5457530.951,5,,,,,,,,,,
483034.7858,5457212.21,4,,,,,,,,,,
482913.8031,5457243.156,2,,,,,,,,,,
483146.5141,5457205.728,3,,,,,,,,,,
482278.8973,5457047.82,4,,,,,,,,,,
482710.148,5456993.885,3,,,,,,,,,,
482580.6813,5456946.128,5,,,,,,,,,,
482318.3539,5456893.409,4,,,,,,,,,,
482357.6184,5457064.467,2,,,,,,,,,,
482679.3401,5457526.783,2,,,,,,,,,,
482342.451,5457058.185,2,,,,,,,,,,
482405.2236,5456858.133,1,,,,,,,,,,
482929.2625,5457451.364,1,,,,,,,,,,
482390.8419,5456849.799,4,,,,,,,,,,
482564.3364,5457149.786,2,,,,,,,,,,
483141.5453,5457171.361,3,,,,,,,,,,
482806.8572,5457405.533,2,,,,,,,,,,
482248.3203,5457184.049,3,,,,,,,,,,
482582.0584,5457410.078,3,,,,,,,,,,
482188.2515,5456943.985,4,,,,,,,,,,
482813.5907,5457640.152,3,,,,,,,,,,
482848.5963,5457476.029,3,,,,,,,,,,
482955.0235,5457084.046,4,,,,,,,,,,
482234.2594,5457699.091,4,,,,,,,,,,
482869.4231,5457113.168,1,,,,,,,,,,
482555.6765,5457234.959,4,,,,,,,,,,
483082.2642,5457516.978,2,,,,,,,,,,
482166.9838,5457744.29,2,,,,,,,,,,
482455.426,5457149,5,,,,,,,,,,
482673.108,5457505.027,5,,,,,,,,,,
482659.8242,5456800.119,4,,,,,,,,,,
482786.8261,5456911.202,2,,,,,,,,,,
483062.5749,5457450.203,3,,,,,,,,,,
482763.2468,5456775.095,1,,,,,,,,,,
482218.433,5457331.527,1,,,,,,,,,,
483048.915,5456773.829,2,,,,,,,,,,
482783.9859,5456956.14,3,,,,,,,,,,
482579.0607,5457745.699,5,,,,,,,,,,
482245.5323,5457362.094,2,,,,,,,,,,
483119.3337,5457671.988,4,,,,,,,,,,
482689.8142,5457049.381,3,,,,,,,,,,
482976.3333,5457150.01,2,,,,,,,,,,
482852.8849,5457732.146,4,,,,,,,,,,
482381.0137,5457258.205,2,,,,,,,,,,
482568.5334,5457690.82,5,,,,,,,,,,
482197.2741,5456754.384,5,,,,,,,,,,
483053.1602,5456975.346,1,,,,,,,,,,
482675.5489,5456805.643,4,,,,,,,,,,
483116.0953,5456963.251,2,,,,,,,,,,
482747.4334,5457681.186,1,,,,,,,,,,
482284.1821,5457523.472,4,,,,,,,,,,
482893.6786,5457214.339,3,,,,,,,,,,
482964.8595,5456835.049,2,,,,,,,,,,
482986.7383,5457738.525,3,,,,,,,,,,
483089.699,5456915.909,4,,,,,,,,,,
482657.1595,5456776.588,4,,,,,,,,,,
482956.9379,5457283.677,4,,,,,,,,,,
482641.8867,5456924.99,2,,,,,,,,,,
482231.4121,5457492.438,1,,,,,,,,,,
482630.5322,5456799.004,2,,,,,,,,,,
482221.3629,5456778.444,2,,,,,,,,,,
483089.4372,5457476.335,3,,,,,,,,,,
482664.3876,5457098.182,1,,,,,,,,,,
482352.1302,5457309.528,3,,,,,,,,,,
483106.9984,5456938.425,1,,,,,,,,,,
482568.8394,5456950.845,4,,,,,,,,,,
482920.1428,5457419.348,3,,,,,,,,,,
482241.1148,5456815.853,3,,,,,,,,,,
482779.8637,5457470.446,3,,,,,,,,,,
482539.7121,5457599.191,1,,,,,,,,,,
482582.7307,5457382.885,1,,,,,,,,,,
482639.932,5457492.144,4,,,,,,,,,,
482685.0768,5457741.495,3,,,,,,,,,,
482238.6423,5457461.258,5,,,,,,,,,,
482517.7979,5456946.98,3,,,,,,,,,,
482289.214,5457633.024,4,,,,,,,,,,
483040.1294,5457097.6,5,,,,,,,,,,
482670.0976,5457367.61,2,,,,,,,,,,
482908.2514,5457285.458,5,,,,,,,,,,
482539.4898,5457431.299,3,,,,,,,,,,
482363.5609,5457404.324,1,,,,,,,,,,
483097.5364,5457509.996,3,,,,,,,,,,
482860.5896,5457275.954,5,,,,,,,,,,
482928.1537,5457345.741,1,,,,,,,,,,
482733.2614,5457551.861,3,,,,,,,,,,
482931.8056,5457108.799,2,,,,,,,,,,
482568.5162,5457659.597,4,,,,,,,,,,
482226.0697,5457125.288,2,,,,,,,,,,
482934.9493,5457322.148,3,,,,,,,,,,
482200.9077,5457383.636,5,,,,,,,,,,
482284.5116,5457393.194,1,,,,,,,,,,
482795.8719,5457640.666,2,,,,,,,,,,
482518.1546,5457350.739,3,,,,,,,,,,
483041.1313,5457621.16,1,,,,,,,,,,
482190.0783,5457167.104,4,,,,,,,,,,
482802.5375,5457256.705,4,,,,,,,,,,
482667.9597,5456821.884,4,,,,,,,,,,
482954.5049,5457305.16,2,,,,,,,,,,
482766.6429,5457567.651,3,,,,,,,,,,
482761.755,5457008.049,5,,,,,,,,,,
482646.1981,5457480.787,5,,,,,,,,,,
482492.4451,5457622.923,2,,,,,,,,,,
482558.1763,5457459.741,1,,,,,,,,,,
482222.7891,5456847.617,1,,,,,,,,,,
482999.4061,5457633.946,2,,,,,,,,,,
482947.9737,5456956.488,2,,,,,,,,,,
482252.096,5457354.347,2,,,,,,,,,,
482188.8012,5457597.236,3,,,,,,,,,,
482966.5098,5457345.565,3,,,,,,,,,,
483094.3508,5456966.838,4,,,,,,,,,,
483049.8361,5456979.915,5,,,,,,,,,,
482288.3683,5457642.736,3,,,,,,,,,,
482173.9496,5457431.177,4,,,,,,,,,,
482897.8658,5457491.673,3,,,,,,,,,,
482446.0082,5457257.231,2,,,,,,,,,,
483133.4189,5457171.417,3,,,,,,,,,,
482515.2845,5457703.541,2,,,,,,,,,,
482640.7504,5457656.152,3,,,,,,,,,,
482689.1,5457252.721,1,,,,,,,,,,
482764.2861,5457022.93,3,,,,,,,,,,
482325.9041,5456771.155,1,,,,,,,,,,
482943.4579,5457457.092,4,,,,,,,,,,
482929.1215,5457437.58,5,,,,,,,,,,
482718.8958,5457344.769,4,,,,,,,,,,
482335.08,5457372.384,4,,,,,,,,,,
482215.8828,5457619.229,3,,,,,,,,,,
482571.7022,5456968.866,1,,,,,,,,,,
482778.9579,5457343.595,1,,,,,,,,,,
483026.573,5457106.784,3,,,,,,,,,,
482725.0679,5456786.969,5,,,,,,,,,,
482290.3192,5457219.308,5,,,,,,,,,,
482862.0277,5457552.509,3,,,,,,,,,,
482718.9583,5457171.989,2,,,,,,,,,,
482263.9297,5457263.508,5,,,,,,,,,,
482977.7247,5457029.738,1,,,,,,,,,,
482339.4796,5457435.825,5,,,,,,,,,,
482544.6023,5457180.22,4,,,,,,,,,,
482724.4761,5457213.499,3,,,,,,,,,,
482710.6333,5457546.753,3,,,,,,,,,,
482485.8017,5457737.976,2,,,,,,,,,,
483056.1173,5457672.268,3,,,,,,,,,,
482697.5475,5457434.391,1,,,,,,,,,,
482563.4462,5457165.233,4,,,,,,,,,,
482567.593,5457312.176,1,,,,,,,,,,
483057.6722,5457353.199,5,,,,,,,,,,
482449.6784,5457363.109,4,,,,,,,,,,
483020.5927,5457113.137,1,,,,,,,,,,
482389.0927,5457120.184,2,,,,,,,,,,
482209.0578,5457524.789,3,,,,,,,,,,
482583.5427,5457660.878,4,,,,,,,,,,
482726.2406,5456813.681,1,,,,,,,,,,
482285.5361,5456968.559,2,,,,,,,,,,
483150.5283,5457073.851,2,,,,,,,,,,
482990.3388,5456935.89,4,,,,,,,,,,
482998.9558,5456851.762,5,,,,,,,,,,
482860.7494,5456920.336,1,,,,,,,,,,
483038.1437,5456999.017,1,,,,,,,,,,
482580.4712,5457544.159,1,,,,,,,,,,
482857.533,5457601.488,1,,,,,,,,,,
482179.4484,5457646.952,5,,,,,,,,,,
482603.1803,5457207.816,2,,,,,,,,,,
482301.3225,5457160.249,1,,,,,,,,,,
482524.0347,5457652.249,3,,,,,,,,,,
483124.9691,5456986.124,3,,,,,,,,,,
482913.8612,5457539.179,4,,,,,,,,,,
482605.7127,5457149.221,4,,,,,,,,,,
482991.8848,5457212.364,1,,,,,,,,,,
482184.8636,5457087.414,3,,,,,,,,,,
482512.0192,5457647.276,2,,,,,,,,,,
482814.9645,5457428.831,3,,,,,,,,,,
482292.847,5457194.055,4,,,,,,,,,,
482454.5741,5456997.627,1,,,,,,,,,,
482534.1701,5457356.826,4,,,,,,,,,,
482351.5113,5457036.583,3,,,,,,,,,,
482556.6034,5457121.576,1,,,,,,,,,,
483155.2083,5457661.507,5,,,,,,,,,,
482670.5238,5456906.719,5,,,,,,,,,,
482261.8553,5457132.356,4,,,,,,,,,,
482742.1199,5456946.059,1,,,,,,,,,,
482888.7115,5457347.411,4,,,,,,,,,,
482694.2641,5457283.229,2,,,,,,,,,,
482376.013,5457588.885,3,,,,,,,,,,
482476.0188,5457391.349,3,,,,,,,,,,
483026.674,5457148.697,3,,,,,,,,,,
482200.4913,5457188.302,1,,,,,,,,,,
482428.9507,5456900.886,5,,,,,,,,,,
482633.3215,5457122.245,3,,,,,,,,,,
482571.0593,5456970.411,5,,,,,,,,,,
482575.1369,5457346.709,4,,,,,,,,,,
482921.3572,5456766.153,5,,,,,,,,,,
482806.866,5457033.354,4,,,,,,,,,,
482556.9768,5457586.431,4,,,,,,,,,,
482277.3824,5456809.401,3,,,,,,,,,,
482321.4572,5457354.775,3,,,,,,,,,,
482515.0458,5456956.645,1,,,,,,,,,,
482237.3624,5457741.998,2,,,,,,,,,,
482401.206,5457730.462,3,,,,,,,,,,
482371.614,5456804.461,1,,,,,,,,,,
482606.0661,5457131.757,4,,,,,,,,,,
482871.3647,5457263.127,3,,,,,,,,,,
482372.0399,5456964.392,3,,,,,,,,,,
483026.1168,5457195.85,1,,,,,,,,,,
482845.9589,5457506.402,3,,,,,,,,,,
482747.2315,5457286.444,4,,,,,,,,,,
482256.8134,5457018.431,1,,,,,,,,,,
482733.3805,5457279.853,2,,,,,,,,,,
482598.3865,5457147.35,2,,,,,,,,,,
482906.7684,5457650.063,1,,,,,,,,,,
482184.7752,5456886.828,4,,,,,,,,,,
482161.2324,5457210.949,2,,,,,,,,,,
482627.794,5456933.989,5,,,,,,,,,,
482471.7813,5457198.874,4,,,,,,,,,,
482162.8678,5457031.798,3,,,,,,,,,,
482361.798,5456878.822,4,,,,,,,,,,
483131.641,5456945.179,4,,,,,,,,,,
483108.9264,5457339.157,4,,,,,,,,,,
482429.0616,5457083.041,2,,,,,,,,,,
482198.7794,5457393.535,4,,,,,,,,,,
483081.7768,5456834.931,4,,,,,,,,,,
483012.9392,5456784.523,1,,,,,,,,,,
482342.8756,5457715.538,4,,,,,,,,,,
482578.701,5457606.549,1,,,,,,,,,,
483029.8373,5457504.088,4,,,,,,,,,,
482611.6135,5456754.531,5,,,,,,,,,,
482806.9105,5457620.423,2,,,,,,,,,,
482340.849,5456919.505,1,,,,,,,,,,
482871.4176,5456943.96,5,,,,,,,,,,
482894.2152,5457618.183,1,,,,,,,,,,
482684.8968,5456784.503,1,,,,,,,,,,
482750.8526,5457222.722,4,,,,,,,,,,
482403.5386,5456795.204,4,,,,,,,,,,
482432.4584,5457200.701,5,,,,,,,,,,
483107.2252,5457470.667,3,,,,,,,,,,
482879.4276,5456763.713,4,,,,,,,,,,
482801.229,5456927.022,4,,,,,,,,,,
482434.0036,5456861.952,2,,,,,,,,,,
483095.8798,5457280.819,2,,,,,,,,,,
482179.0326,5456829.828,3,,,,,,,,,,
482880.8318,5457232.798,4,,,,,,,,,,
482491.4831,5457731.279,1,,,,,,,,,,
482161.125,5456792.3,2,,,,,,,,,,
482792.1303,5457520.677,5,,,,,,,,,,
482799.5636,5457472.104,2,,,,,,,,,,
482904.9663,5456923.328,4,,,,,,,,,,
482411.2271,5457139.434,1,,,,,,,,,,
482599.2151,5457090.477,3,,,,,,,,,,
482580.7524,5456858.656,4,,,,,,,,,,
482278.2005,5456986.082,2,,,,,,,,,,
482846.1344,5457671.883,1,,,,,,,,,,
482871.3446,5456818.369,1,,,,,,,,,,
482339.653,5456820.732,2,,,,,,,,,,
482200.6697,5456834.558,2,,,,,,,,,,
483121.3706,5457430.236,3,,,,,,,,,,
482624.444,5457524.503,5,,,,,,,,,,
482829.0953,5456915.063,3,,,,,,,,,,
482245.5735,5457234.356,3,,,,,,,,,,
482482.1547,5457371.762,4,,,,,,,,,,
482842.2701,5456818.422,5,,,,,,,,,,
482973.7413,5457359.026,4,,,,,,,,,,
483058.4262,5457379.518,4,,,,,,,,,,
482700.0019,5457198.3,1,,,,,,,,,,
483117.8445,5457601.927,3,,,,,,,,,,
483087.2054,5457281.218,3,,,,,,,,,,
482686.3061,5457394.783,2,,,,,,,,,,
482708.584,5457062.327,1,,,,,,,,,,
482930.8932,5456894.84,2,,,,,,,,,,
482718.3246,5457685.845,2,,,,,,,,,,
483160.0514,5456826.289,4,,,,,,,,,,
482994.0577,5457358.096,1,,,,,,,,,,
482555.8435,5457160.276,1,,,,,,,,,,
482622.4679,5457205.666,1,,,,,,,,,,
482393.4847,5457217.957,5,,,,,,,,,,
482944.3579,5457280.286,5,,,,,,,,,,
482666.5336,5457099.06,2,,,,,,,,,,
482971.5531,5457673.472,3,,,,,,,,,,
482471.4397,5457648.361,5,,,,,,,,,,
482628.0341,5457401.513,2,,,,,,,,,,
482601.1797,5457455.548,1,,,,,,,,,,
482508.9199,5457444.994,3,,,,,,,,,,
483131.8065,5457564.627,3,,,,,,,,,,
482374.8487,5457228.251,5,,,,,,,,,,
482525.1915,5457069.3,5,,,,,,,,,,
482615.722,5457268.967,1,,,,,,,,,,
482587.4761,5457332.833,4,,,,,,,,,,
483110.0035,5457592.292,5,,,,,,,,,,
482594.5584,5456754.299,1,,,,,,,,,,
483052.4001,5457216.719,3,,,,,,,,,,
482162.9425,5456799.815,3,,,,,,,,,,
482771.2814,5457193.387,3,,,,,,,,,,
482793.6675,5457421.812,5,,,,,,,,,,
482347.1461,5457402.205,5,,,,,,,,,,
482909.7248,5456855.704,2,,,,,,,,,,
482716.1227,5457521.108,3,,,,,,,,,,
